{
  "metadata": {
    "analysis_date": "2025-08-15 11:07:48",
    "dataset_size": 1212,
    "model_path": "models/tinybert-financial-classifier",
    "model_name": "tinybert-financial-classifier",
    "model_type": "onnx",
    "analysis_type": "universal_fine_tuning_pruning"
  },
  "performance_metrics": {
    "overall_accuracy": 0.7912541254125413,
    "error_rate": 0.20874587458745875,
    "avg_confidence": 0.7314174453860068,
    "total_misclassifications": 253
  },
  "class_analysis": {
    "class_metrics": {
      "negative": {
        "precision": 0.6530612244897959,
        "recall": 0.847682119205298,
        "f1_score": 0.7377521613832853,
        "support": 151,
        "errors": 23
      },
      "neutral": {
        "precision": 0.861671469740634,
        "recall": 0.8305555555555556,
        "f1_score": 0.8458274398868458,
        "support": 720,
        "errors": 122
      },
      "positive": {
        "precision": 0.7236024844720497,
        "recall": 0.6832844574780058,
        "f1_score": 0.702865761689291,
        "support": 341,
        "errors": 108
      }
    },
    "confusion_matrix": [
      [
        128,
        18,
        5
      ],
      [
        38,
        598,
        84
      ],
      [
        30,
        78,
        233
      ]
    ],
    "problematic_classes": [
      "positive",
      "negative"
    ]
  },
  "confidence_analysis": {
    "confidence_analysis": {
      "threshold_0.5": {
        "accuracy": 0.8032786885245902,
        "coverage": 0.9562706270627063,
        "sample_count": 1159
      },
      "threshold_0.7": {
        "accuracy": 0.8861892583120204,
        "coverage": 0.6452145214521452,
        "sample_count": 782
      },
      "threshold_0.8": {
        "accuracy": 0.9288702928870293,
        "coverage": 0.3943894389438944,
        "sample_count": 478
      },
      "threshold_0.9": {
        "accuracy": 0.0,
        "coverage": 0.0,
        "sample_count": 0
      },
      "threshold_0.95": {
        "accuracy": 0.0,
        "coverage": 0.0,
        "sample_count": 0
      }
    },
    "entropy_stats": {
      "mean": 0.706429619140447,
      "std": 0.16588971147813344,
      "high_entropy_samples": 122
    },
    "low_confidence_indices": [
      0,
      3,
      4,
      5,
      21,
      29,
      32,
      41,
      43,
      45,
      46,
      47,
      49,
      57,
      59,
      66,
      68,
      69,
      92,
      98,
      102,
      103,
      109,
      112,
      123,
      129,
      132,
      133,
      135,
      149,
      152,
      165,
      184,
      192,
      201,
      202,
      204,
      219,
      225,
      227,
      228,
      237,
      242,
      245,
      251,
      254,
      258,
      264,
      269,
      273,
      277,
      278,
      284,
      293,
      299,
      303,
      329,
      332,
      335,
      336,
      339,
      340,
      341,
      347,
      355,
      356,
      364,
      377,
      386,
      392,
      398,
      406,
      413,
      415,
      417,
      418,
      419,
      425,
      434,
      437,
      441,
      446,
      475,
      481,
      482,
      487,
      490,
      497,
      498,
      510,
      522,
      527,
      528,
      541,
      547,
      552,
      556,
      564,
      566,
      570,
      572,
      578,
      596,
      602,
      613,
      620,
      621,
      622,
      631,
      638,
      639,
      642,
      644,
      645,
      647,
      650,
      659,
      664,
      676,
      681,
      700,
      701,
      703,
      706,
      708,
      713,
      718,
      719,
      724,
      730,
      736,
      740,
      742,
      750,
      754,
      759,
      763,
      775,
      797,
      801,
      802,
      805,
      825,
      834,
      836,
      837,
      839,
      851,
      861,
      868,
      877,
      909,
      914,
      915,
      934,
      947,
      954,
      966,
      971,
      979,
      988,
      989,
      994,
      997,
      1000,
      1002,
      1009,
      1052,
      1055,
      1057,
      1061,
      1063,
      1066,
      1067,
      1068,
      1075,
      1086,
      1091,
      1101,
      1107,
      1128,
      1148,
      1157,
      1161,
      1164,
      1173,
      1174,
      1177,
      1179,
      1190,
      1193,
      1195,
      1199,
      1205,
      1210
    ],
    "low_confidence_threshold": 0.6
  },
  "linguistic_analysis": {
    "problematic_keywords": [
      [
        "pct",
        0.012928207308460879
      ],
      [
        "solutions",
        0.012401596940197752
      ],
      [
        "compared",
        0.011046275175156179
      ],
      [
        "new",
        0.009950158814724013
      ],
      [
        "increase",
        0.009731708905502602
      ],
      [
        "line",
        0.009679474482810844
      ],
      [
        "higher",
        0.009645345484798807
      ],
      [
        "mln",
        0.009622588553973471
      ],
      [
        "oyj",
        0.009354998429914121
      ],
      [
        "months",
        0.008994081305528654
      ],
      [
        "reach",
        0.00825993383362978
      ],
      [
        "place",
        0.007891330009086279
      ],
      [
        "fortum",
        0.007882622120008098
      ],
      [
        "location",
        0.00779533888796889
      ],
      [
        "outokumpu",
        0.007710696320128664
      ]
    ],
    "protective_keywords": [
      [
        "mn",
        0.012730425620350226
      ],
      [
        "2007",
        0.01225305244228961
      ],
      [
        "million",
        0.010688068142575982
      ],
      [
        "expected",
        0.010224633081548497
      ],
      [
        "eur0",
        0.0101640236014157
      ],
      [
        "transaction",
        0.009432443886537453
      ],
      [
        "share",
        0.009227140400697291
      ],
      [
        "competition",
        0.008792101177971795
      ],
      [
        "chief",
        0.008378021597186192
      ],
      [
        "developed",
        0.008368156841680742
      ]
    ],
    "vocabulary_size": 500,
    "tfidf_params": {
      "max_features": 500,
      "ngram_range": [
        1,
        3
      ],
      "min_df": 2,
      "max_df": 0.8
    }
  },
  "recommendations": {
    "fine_tuning": {
      "target_classes": [
        "positive",
        "negative"
      ],
      "learning_rate": "5e-5 to 1e-4 (moderate fine-tuning)",
      "model_type": "onnx",
      "focus_samples": {
        "low_confidence_count": 195,
        "misclassified_count": 253,
        "strategy": "Hard negative mining + low confidence samples"
      }
    },
    "pruning": {
      "strategy": "Conservative pruning (10-20%) - low confidence samples",
      "confidence_threshold": 0.9,
      "expected_coverage": 0.0,
      "model_type": "onnx"
    },
    "data_augmentation": {
      "target_keywords": [
        "pct",
        "solutions",
        "compared",
        "new",
        "increase"
      ],
      "methods": [
        "Synonym replacement for problematic terms",
        "Back-translation for class balance",
        "Paraphrasing for robustness"
      ]
    },
    "architecture": {}
  },