{
  "model":{
    "0":"all-MiniLM-L6-v2-financial-sentiment",
    "1":"all-MiniLM-L6-v2-financial-sentiment",
    "2":"all-MiniLM-L6-v2-financial-sentiment",
    "3":"distilbert-financial-sentiment",
    "4":"distilbert-financial-sentiment",
    "5":"distilbert-financial-sentiment",
    "6":"finbert-tone-financial-sentiment",
    "7":"finbert-tone-financial-sentiment",
    "8":"finbert-tone-financial-sentiment",
    "9":"SmolLM2-360M-Instruct-financial-sentiment",
    "10":"SmolLM2-360M-Instruct-financial-sentiment",
    "11":"SmolLM2-360M-Instruct-financial-sentiment",
    "12":"tinybert-financial-classifier",
    "13":"tinybert-financial-classifier",
    "14":"tinybert-financial-classifier",
    "15":"mobilebert-uncased-financial-sentiment",
    "16":"mobilebert-uncased-financial-sentiment",
    "17":"mobilebert-uncased-financial-sentiment"
  },
  "batch_size":{
    "0":1,
    "1":2,
    "2":4,
    "3":1,
    "4":2,
    "5":4,
    "6":1,
    "7":2,
    "8":4,
    "9":1,
    "10":2,
    "11":4,
    "12":1,
    "13":2,
    "14":4,
    "15":1,
    "16":2,
    "17":4
  },
  "avg_latency_ms":{
    "0":23.9093224486,
    "1":34.7988758812,
    "2":71.2104716289,
    "3":62.2686204105,
    "4":124.0554691589,
    "5":239.4735004497,
    "6":127.0518120899,
    "7":238.1290199989,
    "8":483.6403941514,
    "9":445.3916124691,
    "10":866.6029203904,
    "11":1791.2691950012,
    "12":8.3256233021,
    "13":18.7563162422,
    "14":32.8085395705,
    "15":55.3858908691,
    "16":89.3024654602,
    "17":177.4408021104
  },
  "p50_latency_ms":{
    "0":23.7832079874,
    "1":35.0532500015,
    "2":70.3104579879,
    "3":60.9336659836,
    "4":119.6959590015,
    "5":237.6506660075,
    "6":122.5364170095,
    "7":238.0335839989,
    "8":477.924958017,
    "9":443.814875005,
    "10":865.3597089869,
    "11":1728.5323330143,
    "12":7.8988329915,
    "13":18.8930000004,
    "14":34.1441250057,
    "15":56.1102500069,
    "16":90.0316659827,
    "17":177.710457996
  },
  "p95_latency_ms":{
    "0":30.5199590221,
    "1":39.6045829984,
    "2":87.9475839902,
    "3":76.833500003,
    "4":151.4657080115,
    "5":261.153333995,
    "6":150.209000014,
    "7":252.580875007,
    "8":515.8758329926,
    "9":460.0989160244,
    "10":886.7806250055,
    "11":2105.6037080125,
    "12":11.5822920052,
    "13":24.6589170129,
    "14":36.9386250095,
    "15":60.391875013,
    "16":94.9612080003,
    "17":186.4661669824
  },
  "p99_latency_ms":{
    "0":36.9312080147,
    "1":44.9734170106,
    "2":96.4600000007,
    "3":80.8442919806,
    "4":214.0491250029,
    "5":302.1319170075,
    "6":200.4851669772,
    "7":267.660374986,
    "8":653.0328330118,
    "9":559.4311669993,
    "10":939.3035829999,
    "11":2761.2353750155,
    "12":12.4257080024,
    "13":91.2987919874,
    "14":41.1338749982,
    "15":65.2031660138,
    "16":99.3709160248,
    "17":203.758165997
  },
  "std_latency_ms":{
    "0":4.5500305637,
    "1":3.7225644313,
    "2":7.8404325762,
    "3":6.7084674423,
    "4":14.9380147544,
    "5":14.242821124,
    "6":14.4599295579,
    "7":9.170984609,
    "8":23.9691514061,
    "9":14.9933486032,
    "10":10.8050670674,
    "11":154.6444006525,
    "12":1.4779671166,
    "13":7.9289524541,
    "14":3.5182347871,
    "15":4.2530155177,
    "16":5.3574030742,
    "17":7.4053376895
  },
  "min_latency_ms":{
    "0":15.145915997,
    "1":27.2721250076,
    "2":53.4182080009,
    "3":47.7263339853,
    "4":95.0619590003,
    "5":195.9123749984,
    "6":96.6232499923,
    "7":196.9594580005,
    "8":451.382957981,
    "9":406.492124981,
    "10":839.2275839869,
    "11":1707.9233750119,
    "12":6.3627079944,
    "13":13.9757080178,
    "14":25.1545830106,
    "15":42.7983329864,
    "16":70.1067080081,
    "17":141.6315830138
  },
  "max_latency_ms":{
    "0":36.9312080147,
    "1":44.9734170106,
    "2":96.4600000007,
    "3":80.8442919806,
    "4":214.0491250029,
    "5":302.1319170075,
    "6":200.4851669772,
    "7":267.660374986,
    "8":653.0328330118,
    "9":559.4311669993,
    "10":939.3035829999,
    "11":2761.2353750155,
    "12":12.4257080024,
    "13":91.2987919874,
    "14":41.1338749982,
    "15":65.2031660138,
    "16":99.3709160248,
    "17":203.758165997
  },
  "memory_delta_mb":{
    "0":123.921875,
    "1":4.421875,
    "2":-24.34375,
    "3":-7.421875,
    "4":-44.84375,
    "5":-16.796875,
    "6":-43.890625,
    "7":-27.359375,
    "8":-9.015625,
    "9":-162.703125,
    "10":-32.71875,
    "11":-382.03125,
    "12":2.109375,
    "13":2.96875,
    "14":2.875,
    "15":0.390625,
    "16":0.703125,
    "17":1.3125
  },
  "peak_memory_mb":{
    "0":275.90625,
    "1":325.015625,
    "2":346.5,
    "3":396.03125,
    "4":435.5,
    "5":438.90625,
    "6":488.515625,
    "7":501.890625,
    "8":496.6875,
    "9":989.1875,
    "10":1002.546875,
    "11":964.25,
    "12":612.109375,
    "13":616.671875,
    "14":623.765625,
    "15":638.15625,
    "16":649.125,
    "17":653.8125
  },
  "model_size_mb":{
    "0":21.9808769226,
    "1":21.9808769226,
    "2":21.9808769226,
    "3":64.2289247513,
    "4":64.2289247513,
    "5":64.2289247513,
    "6":105.49289608,
    "7":105.49289608,
    "8":105.49289608,
    "9":347.3817396164,
    "10":347.3817396164,
    "11":347.3817396164,
    "12":13.90928936,
    "13":13.90928936,
    "14":13.90928936,
    "15":25.4596710205,
    "16":25.4596710205,
    "17":25.4596710205
  },
  "throughput_samples_per_sec":{
    "0":41.82469002,
    "1":57.4731208797,
    "2":56.1715139432,
    "3":16.0594532753,
    "4":16.1218204531,
    "5":16.7033095206,
    "6":7.870804702,
    "7":8.3988083435,
    "8":8.2706077664,
    "9":2.245215159,
    "10":2.3078620588,
    "11":2.2330535305,
    "12":120.1111272654,
    "13":106.6307463668,
    "14":121.9194774397,
    "15":18.0551397533,
    "16":22.3957982536,
    "17":22.5427294761
  },
  "tokens_per_sec":{
    "0":5353.5603225554,
    "1":7356.5594726004,
    "2":7189.9537847239,
    "3":2055.6100192398,
    "4":2063.5930179914,
    "5":2138.0236186408,
    "6":1007.4630018611,
    "7":1075.0474679701,
    "8":1058.6377940956,
    "9":287.38754035,
    "10":295.4063435243,
    "11":285.8308519059,
    "12":15374.2242899722,
    "13":13648.7355349559,
    "14":15605.6931122808,
    "15":2311.0578884174,
    "16":2866.6621764668,
    "17":2885.4693729437
  },
  "cpu_utilization_avg":{
    "0":29.5166666667,
    "1":31.45,
    "2":31.925,
    "3":31.8333333333,
    "4":31.9833333333,
    "5":32.6,
    "6":32.0416666667,
    "7":32.675,
    "8":32.6583333333,
    "9":32.7,
    "10":32.8333333333,
    "11":32.4666666667,
    "12":28.1333333333,
    "13":29.6166666667,
    "14":31.45,
    "15":32.0416666667,
    "16":32.3833333333,
    "17":32.6416666667
  },
  "gpu_available":{
    "0":false,
    "1":false,
    "2":false,
    "3":false,
    "4":false,
    "5":false,
    "6":false,
    "7":false,
    "8":false,
    "9":false,
    "10":false,
    "11":false,
    "12":false,
    "13":false,
    "14":false,
    "15":false,
    "16":false,
    "17":false
  },
  "provider":{
    "0":"CPUExecutionProvider",
    "1":"CPUExecutionProvider",
    "2":"CPUExecutionProvider",
    "3":"CPUExecutionProvider",
    "4":"CPUExecutionProvider",
    "5":"CPUExecutionProvider",
    "6":"CPUExecutionProvider",
    "7":"CPUExecutionProvider",
    "8":"CPUExecutionProvider",
    "9":"CPUExecutionProvider",
    "10":"CPUExecutionProvider",
    "11":"CPUExecutionProvider",
    "12":"CPUExecutionProvider",
    "13":"CPUExecutionProvider",
    "14":"CPUExecutionProvider",
    "15":"CPUExecutionProvider",
    "16":"CPUExecutionProvider",
    "17":"CPUExecutionProvider"
  },
  "session_creation_time_ms":{
    "0":172.1273750009,
    "1":133.9898330043,
    "2":128.8057499914,
    "3":177.8624579892,
    "4":170.3795829962,
    "5":175.2120419987,
    "6":348.3980410092,
    "7":384.3136669893,
    "8":344.5345840009,
    "9":2336.392333993,
    "10":2263.8384999882,
    "11":2253.3512079972,